name,email,phone
Ricardo Clark,isandoval@martinez-wheeler.com,187.868.3527x5853
Tammy Gomez,schmidtphilip@hart.info,621.173.2891
Amber Hoffman,jamesmorris@yahoo.com,7830995546
Bryan Ramirez,danielrobert@howell-russell.info,+1-913-189-9820x5598
Sara Williams,vbray@bowen-rowland.com,001-548-914-6615x59279
Bethany Mack,ecarter@whitehead-gray.net,377-147-1748
Steven Reyes,rangelbrooke@sanchez-hernandez.net,+1-425-050-6947x7137
Thomas Mitchell,brettsanders@berry.biz,264.386.0740
William Romero,garzajennifer@yahoo.com,001-290-616-4290x782
Justin Perry,juanjoseph@figueroa.com,753.712.6560
Dr. Eric Jones,wesleypage@davidson-allen.com,+1-279-677-9588x63519
Julia Rogers,jasonchang@hotmail.com,(989)992-8472x50500
Jessica Robinson,bennettjoshua@sanders.biz,+1-879-220-9625x854
Joshua Foster,landrymichael@hotmail.com,(693)342-7066x03982
Claudia Potts,simsalyssa@mcdaniel-flynn.com,870.860.7416x21366
Paula Torres,angela90@yahoo.com,6086997388
Kathleen Cooper,sanchezgregory@moore-mills.net,(604)283-3416x634
Megan Meyers,johnsontroy@smith-king.com,121.015.1552x195
Misty Meyers,scott08@anderson-lowery.net,(478)970-8827x14400
Tamara Rodriguez,marie65@hotmail.com,939-889-0251x539
Julie Villa,fcalhoun@gmail.com,(027)784-0865
Anthony Ward,ofletcher@watson.info,0429776638
Jennifer Osborne,cherylmitchell@ramirez.com,001-764-736-6160x95609
Cindy Cruz,parrishvanessa@yahoo.com,001-675-892-7849x0264
William Fitzgerald,johnnymontgomery@bryan.biz,(963)764-1608
John Mitchell,icherry@yahoo.com,145-930-9026x08536
Heather Hickman,cayala@martinez.biz,(970)773-1684
Mr. Sean Miller Jr.,bartoneric@navarro.com,001-981-025-0234x833
Alexis Davis,jerry77@yahoo.com,814.932.2526x855
Daniel Nelson,jamiestanley@yahoo.com,835.003.6828x67122
Donna Oneal,olsenmindy@gutierrez.com,654-031-6990
Kayla Quinn,aarongould@gmail.com,+1-873-517-8190x4500
Matthew Gonzalez,thomasconway@yahoo.com,6936034981
Anna Martin,christine48@gmail.com,+1-342-120-1101
Karen York,kristinejenkins@hotmail.com,2979723656
Robin Hayes,pedroholmes@rodriguez.com,(275)957-7578x869
Robert Morris,sarahdavis@anderson.com,612.134.5781x1298
Melissa Martin,kimberlypacheco@hall.com,745-470-5287
Kathryn Hicks,grayjennifer@matthews.org,+1-421-312-3009x7285
Luke Hughes,kevinjohnson@smith.net,311-685-5760x825
Robert Yu,hbailey@murray.net,472-786-7996
Patty Anderson,ygreer@gmail.com,199.560.0517x1683
Jessica Walker,woodpatrick@warren.com,648.018.0362
Rachel Scott,anthony31@yahoo.com,001-804-054-0781x899
Monica Conway,amber79@hotmail.com,021-221-6957
Chad Ross,robertjones@johnson-young.org,(489)075-4815
Ruth Garner,mthompson@miller.org,+1-125-118-7919
Aaron Campbell,mrobinson@yahoo.com,396-342-8168x179
Michael Hoffman,gilbertmichael@hotmail.com,+1-799-695-0564x17659
Brandon Ward,umaddox@hotmail.com,6212878703
